[
	{
		"inputs": [
			{
				"internalType": "address",
				"name": "_vrfCoordinator",
				"type": "address"
			},
			{
				"internalType": "bytes32",
				"name": "_keyHash",
				"type": "bytes32"
			},
			{
				"internalType": "uint64",
				"name": "_subscriptionId",
				"type": "uint64"
			},
			{
				"internalType": "address",
				"name": "_token",
				"type": "address"
			},
			{
				"internalType": "uint256",
				"name": "_minBet",
				"type": "uint256"
			},
			{
				"internalType": "uint256",
				"name": "_maxBet",
				"type": "uint256"
			},
			{
				"internalType": "uint256",
				"name": "_houseEdge",
				"type": "uint256"
			}
		],
		"stateMutability": "nonpayable",
		"type": "constructor"
	},
	{
		"inputs": [
			{
				"internalType": "address",
				"name": "have",
				"type": "address"
			},
			{
				"internalType": "address",
				"name": "want",
				"type": "address"
			}
		],
		"name": "OnlyCoordinatorCanFulfill",
		"type": "error"
	},
	{
		"inputs": [
			{
				"internalType": "address",
				"name": "owner",
				"type": "address"
			}
		],
		"name": "OwnableInvalidOwner",
		"type": "error"
	},
	{
		"inputs": [
			{
				"internalType": "address",
				"name": "account",
				"type": "address"
			}
		],
		"name": "OwnableUnauthorizedAccount",
		"type": "error"
	},
	{
		"anonymous": false,
		"inputs": [
			{
				"indexed": true,
				"internalType": "address",
				"name": "player",
				"type": "address"
			},
			{
				"indexed": false,
				"internalType": "uint256",
				"name": "amount",
				"type": "uint256"
			},
			{
				"indexed": false,
				"internalType": "uint256",
				"name": "requestId",
				"type": "uint256"
			}
		],
		"name": "BetPlaced",
		"type": "event"
	},
	{
		"anonymous": false,
		"inputs": [
			{
				"indexed": true,
				"internalType": "address",
				"name": "player",
				"type": "address"
			},
			{
				"indexed": false,
				"internalType": "uint256",
				"name": "amount",
				"type": "uint256"
			},
			{
				"indexed": false,
				"internalType": "uint256",
				"name": "reward",
				"type": "uint256"
			},
			{
				"indexed": false,
				"internalType": "uint256",
				"name": "multiplier",
				"type": "uint256"
			}
		],
		"name": "BetSettled",
		"type": "event"
	},
	{
		"anonymous": false,
		"inputs": [
			{
				"indexed": false,
				"internalType": "address",
				"name": "token",
				"type": "address"
			},
			{
				"indexed": false,
				"internalType": "uint256",
				"name": "amount",
				"type": "uint256"
			}
		],
		"name": "EmergencyWithdrawal",
		"type": "event"
	},
	{
		"anonymous": false,
		"inputs": [
			{
				"indexed": false,
				"internalType": "uint256",
				"name": "minBet",
				"type": "uint256"
			},
			{
				"indexed": false,
				"internalType": "uint256",
				"name": "maxBet",
				"type": "uint256"
			},
			{
				"indexed": false,
				"internalType": "uint256",
				"name": "houseEdge",
				"type": "uint256"
			}
		],
		"name": "GameParametersUpdated",
		"type": "event"
	},
	{
		"anonymous": false,
		"inputs": [
			{
				"indexed": false,
				"internalType": "bool",
				"name": "isPaused",
				"type": "bool"
			}
		],
		"name": "GamePaused",
		"type": "event"
	},
	{
		"anonymous": false,
		"inputs": [
			{
				"indexed": false,
				"internalType": "address",
				"name": "newToken",
				"type": "address"
			}
		],
		"name": "GameTokenUpdated",
		"type": "event"
	},
	{
		"anonymous": false,
		"inputs": [
			{
				"indexed": true,
				"internalType": "address",
				"name": "previousOwner",
				"type": "address"
			},
			{
				"indexed": true,
				"internalType": "address",
				"name": "newOwner",
				"type": "address"
			}
		],
		"name": "OwnershipTransferred",
		"type": "event"
	},
	{
		"anonymous": false,
		"inputs": [],
		"name": "PrizeTiersUpdated",
		"type": "event"
	},
	{
		"inputs": [],
		"name": "BASIS_POINTS",
		"outputs": [
			{
				"internalType": "uint256",
				"name": "",
				"type": "uint256"
			}
		],
		"stateMutability": "view",
		"type": "function"
	},
	{
		"inputs": [
			{
				"internalType": "uint256",
				"name": "",
				"type": "uint256"
			}
		],
		"name": "bets",
		"outputs": [
			{
				"internalType": "address",
				"name": "player",
				"type": "address"
			},
			{
				"internalType": "uint256",
				"name": "amount",
				"type": "uint256"
			},
			{
				"internalType": "bool",
				"name": "settled",
				"type": "bool"
			},
			{
				"internalType": "uint256",
				"name": "reward",
				"type": "uint256"
			}
		],
		"stateMutability": "view",
		"type": "function"
	},
	{
		"inputs": [],
		"name": "calculateExpectedProfit",
		"outputs": [
			{
				"internalType": "int256",
				"name": "expectedProfit",
				"type": "int256"
			}
		],
		"stateMutability": "view",
		"type": "function"
	},
	{
		"inputs": [
			{
				"internalType": "address",
				"name": "_token",
				"type": "address"
			},
			{
				"internalType": "uint256",
				"name": "_amount",
				"type": "uint256"
			}
		],
		"name": "emergencyWithdraw",
		"outputs": [],
		"stateMutability": "nonpayable",
		"type": "function"
	},
	{
		"inputs": [],
		"name": "gamePaused",
		"outputs": [
			{
				"internalType": "bool",
				"name": "",
				"type": "bool"
			}
		],
		"stateMutability": "view",
		"type": "function"
	},
	{
		"inputs": [],
		"name": "gameToken",
		"outputs": [
			{
				"internalType": "contract IERC20",
				"name": "",
				"type": "address"
			}
		],
		"stateMutability": "view",
		"type": "function"
	},
	{
		"inputs": [
			{
				"internalType": "uint256",
				"name": "_requestId",
				"type": "uint256"
			}
		],
		"name": "getBetStatus",
		"outputs": [
			{
				"internalType": "address",
				"name": "player",
				"type": "address"
			},
			{
				"internalType": "uint256",
				"name": "amount",
				"type": "uint256"
			},
			{
				"internalType": "bool",
				"name": "settled",
				"type": "bool"
			},
			{
				"internalType": "uint256",
				"name": "reward",
				"type": "uint256"
			}
		],
		"stateMutability": "view",
		"type": "function"
	},
	{
		"inputs": [],
		"name": "getContractBalance",
		"outputs": [
			{
				"internalType": "uint256",
				"name": "balance",
				"type": "uint256"
			}
		],
		"stateMutability": "view",
		"type": "function"
	},
	{
		"inputs": [],
		"name": "getPrizeTiers",
		"outputs": [
			{
				"internalType": "uint256[]",
				"name": "multipliers",
				"type": "uint256[]"
			},
			{
				"internalType": "uint256[]",
				"name": "probabilities",
				"type": "uint256[]"
			}
		],
		"stateMutability": "view",
		"type": "function"
	},
	{
		"inputs": [],
		"name": "houseEdge",
		"outputs": [
			{
				"internalType": "uint256",
				"name": "",
				"type": "uint256"
			}
		],
		"stateMutability": "view",
		"type": "function"
	},
	{
		"inputs": [],
		"name": "maxBet",
		"outputs": [
			{
				"internalType": "uint256",
				"name": "",
				"type": "uint256"
			}
		],
		"stateMutability": "view",
		"type": "function"
	},
	{
		"inputs": [],
		"name": "minBet",
		"outputs": [
			{
				"internalType": "uint256",
				"name": "",
				"type": "uint256"
			}
		],
		"stateMutability": "view",
		"type": "function"
	},
	{
		"inputs": [],
		"name": "owner",
		"outputs": [
			{
				"internalType": "address",
				"name": "",
				"type": "address"
			}
		],
		"stateMutability": "view",
		"type": "function"
	},
	{
		"inputs": [
			{
				"internalType": "uint256",
				"name": "_amount",
				"type": "uint256"
			}
		],
		"name": "placeBet",
		"outputs": [],
		"stateMutability": "nonpayable",
		"type": "function"
	},
	{
		"inputs": [
			{
				"internalType": "uint256",
				"name": "",
				"type": "uint256"
			}
		],
		"name": "prizeTiers",
		"outputs": [
			{
				"internalType": "uint256",
				"name": "multiplier",
				"type": "uint256"
			},
			{
				"internalType": "uint256",
				"name": "probability",
				"type": "uint256"
			}
		],
		"stateMutability": "view",
		"type": "function"
	},
	{
		"inputs": [
			{
				"internalType": "uint256",
				"name": "requestId",
				"type": "uint256"
			},
			{
				"internalType": "uint256[]",
				"name": "randomWords",
				"type": "uint256[]"
			}
		],
		"name": "rawFulfillRandomWords",
		"outputs": [],
		"stateMutability": "nonpayable",
		"type": "function"
	},
	{
		"inputs": [],
		"name": "renounceOwnership",
		"outputs": [],
		"stateMutability": "nonpayable",
		"type": "function"
	},
	{
		"inputs": [
			{
				"internalType": "bool",
				"name": "_paused",
				"type": "bool"
			}
		],
		"name": "setGamePaused",
		"outputs": [],
		"stateMutability": "nonpayable",
		"type": "function"
	},
	{
		"inputs": [],
		"name": "totalBets",
		"outputs": [
			{
				"internalType": "uint256",
				"name": "",
				"type": "uint256"
			}
		],
		"stateMutability": "view",
		"type": "function"
	},
	{
		"inputs": [],
		"name": "totalRewarded",
		"outputs": [
			{
				"internalType": "uint256",
				"name": "",
				"type": "uint256"
			}
		],
		"stateMutability": "view",
		"type": "function"
	},
	{
		"inputs": [],
		"name": "totalWagered",
		"outputs": [
			{
				"internalType": "uint256",
				"name": "",
				"type": "uint256"
			}
		],
		"stateMutability": "view",
		"type": "function"
	},
	{
		"inputs": [
			{
				"internalType": "address",
				"name": "newOwner",
				"type": "address"
			}
		],
		"name": "transferOwnership",
		"outputs": [],
		"stateMutability": "nonpayable",
		"type": "function"
	},
	{
		"inputs": [
			{
				"internalType": "uint256",
				"name": "_minBet",
				"type": "uint256"
			},
			{
				"internalType": "uint256",
				"name": "_maxBet",
				"type": "uint256"
			},
			{
				"internalType": "uint256",
				"name": "_houseEdge",
				"type": "uint256"
			}
		],
		"name": "updateGameParameters",
		"outputs": [],
		"stateMutability": "nonpayable",
		"type": "function"
	},
	{
		"inputs": [
			{
				"internalType": "address",
				"name": "_newToken",
				"type": "address"
			}
		],
		"name": "updateGameToken",
		"outputs": [],
		"stateMutability": "nonpayable",
		"type": "function"
	},
	{
		"inputs": [
			{
				"internalType": "uint256[]",
				"name": "_multipliers",
				"type": "uint256[]"
			},
			{
				"internalType": "uint256[]",
				"name": "_probabilities",
				"type": "uint256[]"
			}
		],
		"name": "updatePrizeTiers",
		"outputs": [],
		"stateMutability": "nonpayable",
		"type": "function"
	},
	{
		"stateMutability": "payable",
		"type": "receive"
	}
]